INSERT INTO Albums (id_album, album_name, year_issue_album) VALUES (1,'Михаил Круг - Владимирский централ (альбом)',1999);
INSERT INTO Albums (id_album, album_name, year_issue_album) VALUES (2,'Михаил Круг - 50 лучших песен (альбом)',2011);
INSERT INTO Albums (id_album, album_name, year_issue_album) VALUES (3,'Михаил Круг - Лучшие песни (альбом)',2011);
INSERT INTO Albums (id_album, album_name, year_issue_album) VALUES (4,'Григорий Лепс - Вся жизнь моя дорога (альбом)',2007);
INSERT INTO Albums (id_album, album_name, year_issue_album) VALUES (5,'Григорий Лепс - Парус (альбом)',2018);
INSERT INTO Albums (id_album, album_name, year_issue_album) VALUES (6,'Sabrina - Boys (альбом)',1987);
INSERT INTO Albums (id_album, album_name, year_issue_album) VALUES (7,'Александр Панайотов - Формула любви (альбом)',2010);
INSERT INTO Albums (id_album, album_name, year_issue_album) VALUES (8,'Александр Панайотов - Леди дождя (альбом)',2006);
INSERT INTO Albums (id_album, album_name, year_issue_album) VALUES (9,'Денис Клявер - Тебя удача найдет (альбом)',2021);
INSERT INTO Albums (id_album, album_name, year_issue_album) VALUES (10,'Сплин - Лучшие песни. Новая коллекция (альбом)',2007);
INSERT INTO Albums (id_album, album_name, year_issue_album) VALUES (11,'Anthrax - Anthems (альбом)',2013);
INSERT INTO Albums (id_album, album_name, year_issue_album) VALUES (12,'The Offspring - Let The Bad Times Roll (альбом)',2021);
INSERT INTO Albums (id_album, album_name, year_issue_album) VALUES (13,'Евгений Дога - Первая любовь (альбом)',2009);
INSERT INTO Albums (id_album, album_name, year_issue_album) VALUES (14,'Secret Garden - You Raise Me Up (альбом)',2018);
INSERT INTO Albums (id_album, album_name, year_issue_album) VALUES (15,'Евровидение 2020 (альбом)',2020);
INSERT INTO Albums (id_album, album_name, year_issue_album) VALUES (16,'Storyteller (альбом)',2019);
--
INSERT INTO Singers (id_singer, singer_name) VALUES (1,'Михаил Круг');
INSERT INTO Singers (id_singer, singer_name) VALUES (2,'Григорий Лепс');
INSERT INTO Singers (id_singer, singer_name) VALUES (3,'Sabrina');
INSERT INTO Singers (id_singer, singer_name) VALUES (4,'Александр Панайотов');
INSERT INTO Singers (id_singer, singer_name) VALUES (5,'Денис Клявер');
INSERT INTO Singers (id_singer, singer_name) VALUES (6,'Сплин');
INSERT INTO Singers (id_singer, singer_name) VALUES (7,'Anthrax');
INSERT INTO Singers (id_singer, singer_name) VALUES (8,'The Offspring');
INSERT INTO Singers (id_singer, singer_name) VALUES (9,'Евгений Дога');
INSERT INTO Singers (id_singer, singer_name) VALUES (10,'Secret Garden');
INSERT INTO Singers (id_singer, singer_name) VALUES (11,'James Newman');
INSERT INTO Singers (id_singer, singer_name) VALUES (12,'Barbara Pravi');
--
INSERT INTO Genres (id_genre, genre_name) VALUES (1,'Шансон');
INSERT INTO Genres (id_genre, genre_name) VALUES (2,'Disco');
INSERT INTO Genres (id_genre, genre_name) VALUES (3,'Поп');
INSERT INTO Genres (id_genre, genre_name) VALUES (4,'Рок');
INSERT INTO Genres (id_genre, genre_name) VALUES (5,'Metal');
INSERT INTO Genres (id_genre, genre_name) VALUES (6,'Classic');
INSERT INTO Genres (id_genre, genre_name) VALUES (7,'Folk');
--
INSERT INTO AlbumArtists (id_album_artist, id_album, id_singer) VALUES (1,1,1);
INSERT INTO AlbumArtists (id_album_artist, id_album, id_singer) VALUES (2,2,1);
INSERT INTO AlbumArtists (id_album_artist, id_album, id_singer) VALUES (3,3,1);
INSERT INTO AlbumArtists (id_album_artist, id_album, id_singer) VALUES (4,4,2);
INSERT INTO AlbumArtists (id_album_artist, id_album, id_singer) VALUES (5,5,2);
INSERT INTO AlbumArtists (id_album_artist, id_album, id_singer) VALUES (6,6,3);
INSERT INTO AlbumArtists (id_album_artist, id_album, id_singer) VALUES (7,7,4);
INSERT INTO AlbumArtists (id_album_artist, id_album, id_singer) VALUES (8,8,4);
INSERT INTO AlbumArtists (id_album_artist, id_album, id_singer) VALUES (9,9,5);
INSERT INTO AlbumArtists (id_album_artist, id_album, id_singer) VALUES (10,10,6);
INSERT INTO AlbumArtists (id_album_artist, id_album, id_singer) VALUES (11,11,7);
INSERT INTO AlbumArtists (id_album_artist, id_album, id_singer) VALUES (12,12,8);
INSERT INTO AlbumArtists (id_album_artist, id_album, id_singer) VALUES (13,13,9);
INSERT INTO AlbumArtists (id_album_artist, id_album, id_singer) VALUES (14,14,10);
INSERT INTO AlbumArtists (id_album_artist, id_album, id_singer) VALUES (15,15,11);
INSERT INTO AlbumArtists (id_album_artist, id_album, id_singer) VALUES (16,15,12);
INSERT INTO AlbumArtists (id_album_artist, id_album, id_singer) VALUES (17,16,10);
--
INSERT INTO PerformerGenres (id_performer_genre, id_singer, id_genre) VALUES (1,1,1);
INSERT INTO PerformerGenres (id_performer_genre, id_singer, id_genre) VALUES (2,2,1);
INSERT INTO PerformerGenres (id_performer_genre, id_singer, id_genre) VALUES (3,3,2);
INSERT INTO PerformerGenres (id_performer_genre, id_singer, id_genre) VALUES (4,4,3);
INSERT INTO PerformerGenres (id_performer_genre, id_singer, id_genre) VALUES (5,5,3);
INSERT INTO PerformerGenres (id_performer_genre, id_singer, id_genre) VALUES (6,6,4);
INSERT INTO PerformerGenres (id_performer_genre, id_singer, id_genre) VALUES (7,7,5);
INSERT INTO PerformerGenres (id_performer_genre, id_singer, id_genre) VALUES (8,8,4);
INSERT INTO PerformerGenres (id_performer_genre, id_singer, id_genre) VALUES (9,9,6);
INSERT INTO PerformerGenres (id_performer_genre, id_singer, id_genre) VALUES (10,10,7);
INSERT INTO PerformerGenres (id_performer_genre, id_singer, id_genre) VALUES (11,11,3);
INSERT INTO PerformerGenres (id_performer_genre, id_singer, id_genre) VALUES (12,12,1);
--
INSERT INTO AlbumCollections (id_album_collection, album_collection_name, year_issue_collection) VALUES (1,'Легенды русского шансона',1999);
INSERT INTO AlbumCollections (id_album_collection, album_collection_name, year_issue_collection) VALUES (2,'Михаил Круг - MP3 Коллекция',2007);
INSERT INTO AlbumCollections (id_album_collection, album_collection_name, year_issue_collection) VALUES (3,'Григорий Лепс - Лучшее На MP3',2020);
INSERT INTO AlbumCollections (id_album_collection, album_collection_name, year_issue_collection) VALUES (4,'Григорий Лепс - Все Хиты',2018);
INSERT INTO AlbumCollections (id_album_collection, album_collection_name, year_issue_collection) VALUES (5,'Sabrina - 25 Good Songs',2015);
INSERT INTO AlbumCollections (id_album_collection, album_collection_name, year_issue_collection) VALUES (6,'Sabrina - All Of Me CD1',2015);
INSERT INTO AlbumCollections (id_album_collection, album_collection_name, year_issue_collection) VALUES (7,'Trash Metal',2014);
INSERT INTO AlbumCollections (id_album_collection, album_collection_name, year_issue_collection) VALUES (8,'Сплин - Акустика',2002);
INSERT INTO AlbumCollections (id_album_collection, album_collection_name, year_issue_collection) VALUES (9,'Eugen Doga - The Best',2009);
INSERT INTO AlbumCollections (id_album_collection, album_collection_name, year_issue_collection) VALUES (10,'True Chillout',2007);
INSERT INTO AlbumCollections (id_album_collection, album_collection_name, year_issue_collection) VALUES (11,'Танцевальная музыка 2018',2018);
INSERT INTO AlbumCollections (id_album_collection, album_collection_name, year_issue_collection) VALUES (12,'Топ 100 лучших русских песен 2020-2021',2021);
INSERT INTO AlbumCollections (id_album_collection, album_collection_name, year_issue_collection) VALUES (13,'Танцевальная музыка 2019',2019);
--
INSERT INTO Tracks (id_track, track_name, track_duration, id_album) VALUES (1,'Владимирский централ',5.02,1);
INSERT INTO Tracks (id_track, track_name, track_duration, id_album) VALUES (2,'Магадан',4.28,1);
INSERT INTO Tracks (id_track, track_name, track_duration, id_album) VALUES (3,'Мой бог',5.35,2);
INSERT INTO Tracks (id_track, track_name, track_duration, id_album) VALUES (4,'На струнах дождя',6.02,4);
INSERT INTO Tracks (id_track, track_name, track_duration, id_album) VALUES (5,'Дом хрустальный',2.21,5);
INSERT INTO Tracks (id_track, track_name, track_duration, id_album) VALUES (6,'Мой сон',4.20,4);
INSERT INTO Tracks (id_track, track_name, track_duration, id_album) VALUES (7,'Boys',3.57,6);
INSERT INTO Tracks (id_track, track_name, track_duration, id_album) VALUES (8,'My Chico',3.40,6);
INSERT INTO Tracks (id_track, track_name, track_duration, id_album) VALUES (9,'Ночь На Облаках',3.08,7);
INSERT INTO Tracks (id_track, track_name, track_duration, id_album) VALUES (10,'Я тебе не верю',3.29,8);
INSERT INTO Tracks (id_track, track_name, track_duration, id_album) VALUES (11,'Когда Ты Станешь Большим',3.07,9);
INSERT INTO Tracks (id_track, track_name, track_duration, id_album) VALUES (12,'В Белом',3.59,9);
INSERT INTO Tracks (id_track, track_name, track_duration, id_album) VALUES (13,'Любовь идет по проводам',4.23,10);
INSERT INTO Tracks (id_track, track_name, track_duration, id_album) VALUES (14,'Got The Time',2.44,11);
INSERT INTO Tracks (id_track, track_name, track_duration, id_album) VALUES (15,'Army Of One',3.11,12);
INSERT INTO Tracks (id_track, track_name, track_duration, id_album) VALUES (16,'Свадебное шествие',6.49,13);
INSERT INTO Tracks (id_track, track_name, track_duration, id_album) VALUES (17,'Осенние деньки',4.07,13);
INSERT INTO Tracks (id_track, track_name, track_duration, id_album) VALUES (18,'The Promise',3.18,14);
INSERT INTO Tracks (id_track, track_name, track_duration, id_album) VALUES (19,'Sometimes When It Rains',4.32,14);
INSERT INTO Tracks (id_track, track_name, track_duration, id_album) VALUES (20,'Embers',2.55,15);
INSERT INTO Tracks (id_track, track_name, track_duration, id_album) VALUES (21,'Voila',2.56,15);
INSERT INTO Tracks (id_track, track_name, track_duration, id_album) VALUES (22,'Beautiful',3.51,16);
--
INSERT INTO TrackCollections (id_track_collection, id_album_collection, id_track) VALUES (1,1,1);
INSERT INTO TrackCollections (id_track_collection, id_album_collection, id_track) VALUES (2,2,2);
INSERT INTO TrackCollections (id_track_collection, id_album_collection, id_track) VALUES (3,2,3);
INSERT INTO TrackCollections (id_track_collection, id_album_collection, id_track) VALUES (4,3,4);
INSERT INTO TrackCollections (id_track_collection, id_album_collection, id_track) VALUES (5,4,5);
INSERT INTO TrackCollections (id_track_collection, id_album_collection, id_track) VALUES (7,4,6);
INSERT INTO TrackCollections (id_track_collection, id_album_collection, id_track) VALUES (8,5,7);
INSERT INTO TrackCollections (id_track_collection, id_album_collection, id_track) VALUES (9,6,8);
INSERT INTO TrackCollections (id_track_collection, id_album_collection, id_track) VALUES (10,11,9);
INSERT INTO TrackCollections (id_track_collection, id_album_collection, id_track) VALUES (11,11,10);
INSERT INTO TrackCollections (id_track_collection, id_album_collection, id_track) VALUES (12,12,11);
INSERT INTO TrackCollections (id_track_collection, id_album_collection, id_track) VALUES (13,12,12);
INSERT INTO TrackCollections (id_track_collection, id_album_collection, id_track) VALUES (14,8,13);
INSERT INTO TrackCollections (id_track_collection, id_album_collection, id_track) VALUES (15,7,14);
INSERT INTO TrackCollections (id_track_collection, id_album_collection, id_track) VALUES (16,7,15);
INSERT INTO TrackCollections (id_track_collection, id_album_collection, id_track) VALUES (17,9,16);
INSERT INTO TrackCollections (id_track_collection, id_album_collection, id_track) VALUES (18,9,17);
INSERT INTO TrackCollections (id_track_collection, id_album_collection, id_track) VALUES (19,10,18);
INSERT INTO TrackCollections (id_track_collection, id_album_collection, id_track) VALUES (20,10,19);
--